sector,weight
Communication Services,0.05722349521124108
Consumer Discretionary,0.0326676466019618
Consumer Staples,0.4423434385315368
Energy,-0.007638462585968363
Financials,-0.07862936339275575
Health Care,0.15753128151495055
Industrials,0.04977829840228728
Information Technology,0.054121818364652095
Materials,0.002749048085925042
Real Estate,0.036088260183540985
Utilities,0.11313187864423062
