sector,weight
Communication Services,0.05710320903645556
Consumer Discretionary,0.03249234258991855
Consumer Staples,0.4355238709925022
Energy,-0.007900561613729845
Financials,-0.08164963470445415
Health Care,0.1652977899545178
Industrials,0.04973207032534295
Information Technology,0.05211753785612467
Materials,0.0039014036479711103
Real Estate,0.040811489130349175
Utilities,0.11089324665371347
