sector,weight
Communication Services,0.03713527851458886
Consumer Discretionary,0.1326259946949602
Consumer Staples,0.08753315649867374
Energy,0.06100795755968169
Financials,0.13527851458885942
Health Care,0.09283819628647215
Industrials,0.15384615384615383
Information Technology,0.11140583554376657
Materials,0.04509283819628647
Real Estate,0.04509283819628647
Utilities,0.0663129973474801
