sector,weight
Communication Services,0.032994923857868015
Consumer Discretionary,0.14213197969543145
Consumer Staples,0.08883248730964466
Energy,0.05837563451776649
Financials,0.13451776649746192
Health Care,0.09390862944162436
Industrials,0.149746192893401
Information Technology,0.10913705583756345
Materials,0.04314720812182741
Real Estate,0.055837563451776644
Utilities,0.06345177664974619
