sector,weight
Communication Services,0.03263403263403263
Consumer Discretionary,0.14219114219114218
Consumer Staples,0.08158508158508158
Energy,0.053613053613053616
Financials,0.13752913752913754
Health Care,0.1048951048951049
Industrials,0.14918414918414918
Information Technology,0.10722610722610723
Materials,0.04195804195804196
Real Estate,0.06526806526806526
Utilities,0.06060606060606061
