sector,weight
Communication Services,0.03218390804597701
Consumer Discretionary,0.14022988505747125
Consumer Staples,0.08275862068965517
Energy,0.052873563218390804
Financials,0.13793103448275862
Health Care,0.10574712643678161
Industrials,0.1471264367816092
Information Technology,0.11264367816091954
Materials,0.041379310344827586
Real Estate,0.06436781609195402
Utilities,0.059770114942528735
