sector,weight
Communication Services,0.036572282540895534
Consumer Discretionary,0.06505520666580737
Consumer Staples,0.2902186995057872
Energy,-0.005298806710780775
Financials,0.05663184717337477
Health Care,0.11622135442739427
Industrials,0.02509285964589538
Information Technology,0.09597676585363975
Materials,0.010715633969137625
Real Estate,-0.02777027394902811
Utilities,0.14553610473081718
