sector,weight
Communication Services,0.0273972602739726
Consumer Discretionary,0.13926940639269406
Consumer Staples,0.0821917808219178
Energy,0.05251141552511415
Financials,0.13926940639269406
Health Care,0.10730593607305935
Industrials,0.1506849315068493
Information Technology,0.1141552511415525
Materials,0.0410958904109589
Real Estate,0.0639269406392694
Utilities,0.0639269406392694
