sector,weight
Communication Services,0.02708803611738149
Consumer Discretionary,0.13544018058690743
Consumer Staples,0.08126410835214447
Energy,0.05191873589164785
Financials,0.15124153498871332
Health Care,0.10835214446952596
Industrials,0.14898419864559817
Information Technology,0.11512415349887133
Materials,0.04288939051918735
Real Estate,0.06320541760722347
Utilities,0.06320541760722347
