sector,weight
Communication Services,0.030434782608695653
Consumer Discretionary,0.13478260869565217
Consumer Staples,0.08043478260869566
Energy,0.052173913043478265
Financials,0.1565217391304348
Health Care,0.10652173913043478
Industrials,0.15217391304347827
Information Technology,0.11521739130434783
Materials,0.041304347826086954
Real Estate,0.06521739130434782
Utilities,0.06086956521739131
