sector,weight
Communication Services,0.04058186953748316
Consumer Discretionary,0.038998675509481426
Consumer Staples,0.20743679446073418
Energy,0.036095840268707075
Financials,0.08558469897580984
Health Care,0.13648869556989096
Industrials,0.150977348800937
Information Technology,0.1416576718802519
Materials,0.07067521268025391
Real Estate,-0.03220303617607907
Utilities,0.09480958660102969
