sector,weight
Communication Services,0.05970847939080609
Consumer Discretionary,0.10066819571334604
Consumer Staples,0.18549348695251205
Energy,0.08638463891095201
Financials,0.12725645959789839
Health Care,0.11053214025099448
Industrials,0.08512517073253677
Information Technology,0.05689271712116375
Materials,0.056381620879819676
Real Estate,-0.023351007719495574
Utilities,0.13241170005995873
