sector,weight
Communication Services,0.03333333333333333
Consumer Discretionary,0.1392156862745098
Consumer Staples,0.07058823529411765
Energy,0.054901960784313725
Financials,0.15294117647058825
Health Care,0.11568627450980393
Industrials,0.14509803921568626
Information Technology,0.12745098039215685
Materials,0.0392156862745098
Real Estate,0.06274509803921569
Utilities,0.054901960784313725
