sector,weight
Communication Services,0.03313840155945419
Consumer Discretionary,0.14035087719298245
Consumer Staples,0.07017543859649122
Energy,0.05458089668615984
Financials,0.15204678362573099
Health Care,0.11500974658869395
Industrials,0.1442495126705653
Information Technology,0.1286549707602339
Materials,0.04093567251461988
Real Estate,0.06237816764132553
Utilities,0.05458089668615984
