sector,weight
Communication Services,0.03281853281853282
Consumer Discretionary,0.138996138996139
Consumer Staples,0.0694980694980695
Energy,0.05405405405405406
Financials,0.14864864864864866
Health Care,0.12162162162162163
Industrials,0.1447876447876448
Information Technology,0.12934362934362933
Materials,0.04054054054054054
Real Estate,0.06177606177606178
Utilities,0.05405405405405406
