sector,weight
Communication Services,0.03625954198473282
Consumer Discretionary,0.13549618320610687
Consumer Staples,0.07061068702290076
Energy,0.055343511450381674
Financials,0.15076335877862596
Health Care,0.11832061068702289
Industrials,0.1431297709923664
Information Technology,0.1297709923664122
Materials,0.04007633587786259
Real Estate,0.06297709923664122
Utilities,0.05343511450381679
