sector,weight
Communication Services,0.0920357085989995
Consumer Discretionary,0.08107584145524446
Consumer Staples,0.24903124601044885
Energy,0.03516455849260057
Financials,-0.03660152433197634
Health Care,0.018419170015352045
Industrials,0.014583515009534417
Information Technology,0.061644869476869674
Materials,0.020829047057157477
Real Estate,0.2764305617597731
Utilities,0.12930949438520473
