sector,weight
Communication Services,0.039473684210526314
Consumer Discretionary,0.1282894736842105
Consumer Staples,0.08552631578947367
Energy,0.05592105263157894
Financials,0.15789473684210525
Health Care,0.08881578947368421
Industrials,0.15460526315789472
Information Technology,0.09868421052631579
Materials,0.049342105263157895
Real Estate,0.03289473684210526
Utilities,0.05921052631578947
