sector,weight
Communication Services,0.0730494451294233
Consumer Discretionary,0.13154968356361268
Consumer Staples,0.31448577508683906
Energy,0.0307421479527107
Financials,-0.07295002355483993
Health Care,0.06237313116020949
Industrials,0.04856985216246298
Information Technology,0.04895976231313746
Materials,-0.009675498513209223
Real Estate,0.14275677098754042
Utilities,0.09189259933760542
