sector,weight
Communication Services,0.035398230088495575
Consumer Discretionary,0.12389380530973451
Consumer Staples,0.08849557522123894
Energy,0.061946902654867256
Financials,0.12389380530973451
Health Care,0.08849557522123894
Industrials,0.16224188790560473
Information Technology,0.10619469026548672
Materials,0.0471976401179941
Real Estate,0.0471976401179941
Utilities,0.06784660766961652
