sector,weight
Communication Services,0.03508771929824561
Consumer Discretionary,0.12573099415204678
Consumer Staples,0.08771929824561403
Energy,0.06140350877192982
Financials,0.1286549707602339
Health Care,0.09064327485380116
Industrials,0.16374269005847952
Information Technology,0.10526315789473684
Materials,0.043859649122807015
Real Estate,0.043859649122807015
Utilities,0.06725146198830409
