sector,weight
Communication Services,0.034383954154727794
Consumer Discretionary,0.12320916905444125
Consumer Staples,0.08882521489971347
Energy,0.06303724928366762
Financials,0.1318051575931232
Health Care,0.09169054441260745
Industrials,0.15759312320916904
Information Technology,0.10888252148997134
Materials,0.045845272206303724
Real Estate,0.040114613180515755
Utilities,0.0659025787965616
