sector,weight
Communication Services,0.033707865168539325
Consumer Discretionary,0.12640449438202248
Consumer Staples,0.0898876404494382
Energy,0.06179775280898876
Financials,0.13202247191011235
Health Care,0.09550561797752809
Industrials,0.1544943820224719
Information Technology,0.10674157303370786
Materials,0.0449438202247191
Real Estate,0.042134831460674156
Utilities,0.0646067415730337
