sector,weight
Communication Services,0.03361344537815126
Consumer Discretionary,0.1288515406162465
Consumer Staples,0.0896358543417367
Energy,0.06162464985994398
Financials,0.13165266106442577
Health Care,0.09523809523809523
Industrials,0.15406162464985995
Information Technology,0.10644257703081232
Materials,0.04481792717086835
Real Estate,0.04201680672268908
Utilities,0.06442577030812326
