sector,weight
Communication Services,0.03581267217630854
Consumer Discretionary,0.12947658402203857
Consumer Staples,0.09090909090909091
Energy,0.06336088154269973
Financials,0.1322314049586777
Health Care,0.09090909090909091
Industrials,0.15426997245179064
Information Technology,0.10743801652892562
Materials,0.0440771349862259
Real Estate,0.04132231404958678
Utilities,0.06611570247933884
